timestamp,client_user_id,chat_id,question,model_output,first_token_time,final_token_time,token_count
2026-06-01 08:01:46,5453f9ba-a36f-43ee-a5aa-d4f9c81bbc46,76cf4d52-65a1-4709-a0a7-c3004ffd4056,為提升醫療服務效率，建立醫院品質比較基礎，全民健保自105年3月1日起，醫院住院全面實施Tw-DRGs支付制度,您好！為提升醫療服務效率，建立醫院品質比較基礎，全民健保自105年3月1日起，醫院住院全面實施Tw-DRGs支付制度。目前Tw-DRGs版本仍為3.4版，實施第階段Tw-DRGs。原本計劃全面實施4.0版Tw-DRGs，但考量外界疑慮以及醫院反映的行政作業困難等問題，暫緩第3-5階段項目的實施。DRG支付制度除了提升醫療服務效率外，也能提供醫院間服務品質的可比較性，透過DRG分類可以比較醫療院所間醫療服務的效率與品質，作為未來論品質支付的基礎。健保署持續蒐集相關修訂建議，希望能鼓勵醫療院所持續提升醫療照護的品質與價值，同時不影響民眾就醫權益。,3.088136287406087,7.643197225406766,175
2026-06-01 08:01:47,db5b4e1e-6773-439f-8a66-2eb4449a041b,951978e9-f1bc-4832-872c-b9269e5c0079,什麼是健保醫療資訊雲端查詢系統？,為提升民眾就醫與用藥安全與品質，健保署運用雲端科技建置「健保醫療資訊雲端查詢系統」，讓醫師於臨床處置、開立處方及藥事人員調劑時，可查詢病人的就醫與用藥紀錄，包含西醫用藥紀錄、中醫用藥紀錄、檢查檢驗紀錄、檢查檢驗結果、手術紀錄、牙科處置及手術紀錄、過敏藥物紀錄、特定管制藥品用藥紀錄、特定凝血因子用藥紀錄、復健醫療紀錄、出院病歷摘要及疾病管制署之預防接種等2項資訊。自年起，健保署鼓勵各醫院即時上傳醫療影像包括電腦斷層攝影(CT)、核磁共振造影(MRI)、胃鏡、大腸鏡、超音波及X光等，提供其他院所可透過本系統調閱影像及報告內容，藉此落實分級醫療「社區好醫院，厝邊好醫師」的理念，提升病患就醫品質及方便性。,4.0561160165816545,8.074400389567018,218
2026-06-01 08:02:00,1e049bf8-86b2-406b-960e-ee2da10b04ec,468d6030-8249-4759-9ea2-bf8c4284b2df,投保單位(員工或眷屬)基本資料變更,作業項目是投保單位(員工或眷屬)基本資料變更，需要檢附的文件包括：保險對象變更申報表(R表)、單位印信及負責人印章、變更者之身分證明文件影本。請注意，基本資料變更指的是姓名、身分證號等變更的情況。,3.116473412141204,4.216885128989816,60
2026-06-01 08:02:00,8fab736b-d819-44b2-9e2a-63c3dcfcfe5d,dd52450a-b224-4c0a-b1e8-67db6e7eef33,專技身份新單位成立時應檢附何附件？,"應檢附文件：.投保單位成立申報表(A表)。.保險對象投保申報表(D表)。.負責人身分證正反面影本。.單位印信及負責人印章。.主管機關核發之專業證照及職業執照或開業執照(證書)影本。.公會會員證明(書)影本(若無可免附)。.國稅局統一編號編配通知書影本（若無可免附，並請於「投保單位成立申報表」上註明『尚未申請』）。備註：.若為合夥單位，需加附合夥契約書影本，及所有合夥人身分證件影本。2.同時辦理勞、健保，勞健合併申報表及相關證明文件皆需備份。.負責人依核准設立日投保，申報投保金額低於最高一級者(自年1月日起為3,0元)，需依規定檢附舉證文件(如稅務證明)，尚無證明文件者，得以聲明書方式辦理。",2.5626475866883993,8.98692144267261,237
2026-06-01 08:02:11,2d41db47-96c9-4c64-9df2-72a302bd8f02,b5167c2e-5d30-4316-9df5-1aaaa4c6fba6,民眾可以自行向健保署提出事前審查申請嗎?,事前審查是由就醫的醫事服務機構向健保署提出，民眾本身可以透過健保署全球資訊網首頁/健保與就醫紀錄查詢/保險對象事前審查案件進度查詢，或透過全民健保行動快易通APP「醫療快搜>事前審查進度」，查詢本人於1個月內申請之事前審查進度。,3.9860359989106655,5.245954276993871,69
2026-06-01 08:02:13,7d1b9d3f-fc0f-4b46-9933-8a63777b650f,7d294a5d-1c1a-4b10-ac5e-e350755c6b68,健保卡沒有電子簽章功能，可以用來報稅嗎？健保卡是就醫憑證怎麼可以用來報稅？,您好！財政部與健保署合作，自5年度開始運用健保卡註冊身分認證機制進行網路報稅作業。如果您已經完成健保卡註冊，下載財政部提供的綜合所得稅電子結算申報軟體或外僑綜合所得稅電子結算申報軟體，就可以利用註冊的健保卡透過網路自行查調年度所得及扣除額資料，並線上申報綜合所得稅，這樣就不用再去國稅局臨櫃辦理了喔！健保卡用於報稅只是提供身分認證的功能，資料加密傳輸還是由財政部的報稅軟體處理。,4.320065813139081,6.665997240692377,125
2026-06-01 08:02:24,afe31ed7-94f9-49af-ac20-589358cfd4ef,ea5af7d1-5984-4fc7-bd76-519ca6fbe28a,總公司統一彙總分支機構扣費明細說明,總公司統一彙總分支機構扣費明細說明：分支機構之扣費明細資料，可以統一由總機構彙總申報，而資料仍應以各分支機構的統一編號產製。,2.2495482712984085,3.7933411113917828,32
2026-06-01 08:02:24,6207390c-34db-4b70-bfb8-0f958fce3ad5,323ece6d-acb2-46cf-bcec-7c35a1573441,現在失業中，配偶的薪資較高，可否自己保在公所？,若有眷屬身分者，應以眷屬身分加保，不能以被保險人身分在公所投保。,3.5587371960282326,3.724942810833454,10
2026-06-01 08:02:39,55b2cab7-b387-4fc4-8f9f-b322f5d8c62a,eb1c37a5-ffe8-490a-a982-863ceff108b5,單位收到健保署寄發所屬被保險人健保投保金額財稅比對，申訴調整後的投保金額與實際薪資料不符，如何申復？,請單位於所附之投保金額調整名冊上以紅筆更正欲申復之員工的投保金額，連同最近年度員工薪資所得扣繳憑單及逕調生效月前三個月含各項津貼明細薪資印領清冊等影本，加蓋單位圖記及負責人印章【須註明與國稅局申報資料相符合】並於該表上方以紅筆加註『投保金額比對專案』申復，文到一個月內寄回轄區業務組辦理。,3.1054736003279686,6.35892871953547,106
2026-06-01 08:02:39,3fa65fbf-5489-4b8b-b2fb-f9e8906eccea,0d8c0948-666f-404f-a8c8-9cfbc866381b,如何查詢外籍人士是否有領過健保卡?,請連結本署全球資訊網首頁>健保服務>健保卡申請與註冊>如何申辦健保卡>更換、補發健保卡>「外籍人士健保卡首發查檢系統」查詢外籍人士是否領過健保卡。網址:https://cloudicweb.nhi.gov.tw/nhicardquery/firstcard_query.aspx,3.7716183736920357,5.115736911073327,71
2026-06-01 08:02:52,5955ea5e-77d0-482c-b5ce-29df750f0ac6,030b9f28-aaac-49a9-8e2f-0878f82cc467,健保快易通中就醫院所的聯絡電話不正確,您好，健保快易通APP/醫療查詢/就醫院所查詢中院所聯絡電話，是由院所自行維護資料，建議您洽健保署各分區業務組，由分區業務組協助輔導院所將該院連絡電話維護正確。,2.571766125038266,3.4606031086295843,47
2026-06-01 08:02:52,b0cdf55f-43cc-4dab-9e6c-19b175138913,20b32131-93a4-40b7-8f7c-70ee5cab4ad0,免扣取補充保險費之身分認定,免扣取補充保險費的身分原則上是以給付時為認定基礎，保險對象由其他身分轉換為第類被保險人時，給付時為第類被保險人，就免扣兼職所得及執行業務收入之補充保險費。舉例來說，如果在月日開始具有第2類被保險人資格，就可以免扣兼職所得及執行業務收入之補充保險費。但是，如果在3月日領取的所得符合補充保險費扣費標準，仍然需要按照規定扣繳。,2.3132170103490353,5.58078733459115,108
2026-06-01 08:03:01,e651fe0c-188a-4c76-bcca-8206ab601840,087b257b-0019-4642-bac1-6cab6ffefc6f,生理測量如何每日輸入資料?,請登入健康存摺於個人紀錄點選生理量測，再點選新增資料，即可紀錄個人生理量測資料。,2.3831873554736376,2.590520976111293,12
2026-06-01 08:03:02,8a094f4a-d1d4-4c5c-bd3f-c9b3a66aabb9,4e7e045a-f627-4907-99da-f7383be354c8,健保費率調整之程序？,自2年實施二代健保建立收支連動機制，於年度開始前三個月由被保險人、雇主、保險醫事服務提供者、專家學者、公正人士及有關機關代表組成之健保會，協議訂定醫療給付費用總額，保險人根據健保會所協議訂定之醫療給付費用總額，研擬應計之收支平衡費率，提請健保會審議，健保會於年度開始一個月前，完成該年費率之審議，報主管機關轉報行政院核定後，由主管機關公告之。,2.4742385763674974,4.968201894313097,123
2026-06-01 08:03:15,846f37b1-d7f0-4707-ac0a-118da571897b,6fcb727e-7062-4ede-a4d2-eddaacc6b958,外籍聘僱關係尚存，但因故出國，健保應如何處理？,外籍人士在臺灣地區領有居留證明文件，其於符合投保資格期間，應以適法身分投保；有工作，則在工作單位投保；無工作且無眷屬可依附投保時，應在居留證所在地之公所投保。由於您外籍員工聘僱關係尚存，因此應繼續在工作單位投保。,2.415625412017107,4.7081377897411585,69
2026-06-01 08:03:16,961d84f9-6710-48f1-91ee-b66d69f5c4c1,52f4c430-7390-4955-a39a-d7a995931485,父母欲轉換依附當眷屬投保之子女，如何辦理？,請原依附子女之投保單位填寫「保險對象退保申報表」〈L表〉，辦理退保，依附子女之投保單位，請填寫保險對象投保申報表，並依前單位退保之日期為投保日，哪一邊先辦都可以，只要日期銜接，以免造成眷屬重複或中斷。,2.781288120895624,3.972860364243388,67
2026-06-01 08:03:25,b4fb4521-b0c5-452f-9c8a-be5ca07aa6cd,980e8b49-b1ba-42b8-9e50-2ddabd0b1b10,佣金之補充保險費扣繳,佣金為公司對員工工作表現而發放，具有勞務對價性質，屬於員工因工作獲得的報酬，依照勞動基準法來說是工資，應併入全民健康保險投保金額計算。如果佣金已列入一般保險費計算，就不會重複扣收補充保險費；但如果未列入投保金額計算，就需要列入獎金累計中。,2.3665284272283316,3.850856777280569,74
2026-06-01 08:03:27,28190cc9-0d06-45ba-b9db-1ea985e02c08,8d23860c-2150-4e67-9024-c24234688610,上傳率未達標之因應方式,您好！如果您的保險醫事服務機構未依規定登錄保險憑證及上傳保險對象就醫資料，我們會通知您限期改善。若您在期限內仍未改善，我們將會給予違約記點一次。健保卡上傳作業也有相關的實施標準喔：.健保卡登錄後小時內上傳的件數比率必須大於等於%。.健保卡上傳件數與申報件數的比率也必須大於等於%。.上傳與申報資料比對時，醫事人員ID、醫療費用、部分負擔、醫令、主診斷（藥局等交付機構除外）這幾項的每項上傳率都必須大於等於 90%。希望這些資訊對您有所幫助！,2.4649127796292305,5.677264085039496,167
2026-06-01 08:03:39,cc5ef62a-0df6-42dd-8370-c137dd331e8f,2f2bc6ce-37c5-4896-b22a-e874047652f3,如何填寫投保/退保表？,請參考健保署全球資訊網/資料下載/表單下載/投保資格與異動表單，裡面有提供各類表件填寫範例喔！,2.5016887448728085,4.189531600102782,22
2026-06-01 08:03:42,2ab6bffa-24ea-45e8-b15e-4d2334559156,bdc7fc2d-b949-441e-8c10-6f21db0868ae,我有在健保App裡申請健保保費分期付款已經有繳了第一期但是一直都沒收到您們的收據，我想確認我申請分期付款有沒有成功，我匯過去的錢你們有沒有收到,您好，關於您申請健保保費分期付款並已繳納第一期卻未收到收據的問題，您可以透過以下方式查詢您的分期狀況：.**健保署APP「健保快易通」的健保櫃檯**：進入「個人各項查詢及設定」>「保費分期繳納查詢與列印」>「查詢」>「分期繳款單」，即可查詢分期案件資訊及各期別狀態，確認款項入帳情形。款項入帳作業約需2至5個工作天，入帳後即可查詢到繳清訊息。.**聯繫健保署**：如果您仍有疑問，可以撥打健保諮詢服務專線--或手機撥打()42-8678，或洽詢健保署各分區業務組尋求協助。,4.611550310626626,7.932252395898104,168
2026-06-01 08:03:48,f2c3c313-b858-4e14-a245-fe6e68efa882,4b19b8c5-4e67-4345-99b3-2b3816ccfa5e,非本人親自辦理分期時，委託書如何取得、填寫,委託書格式不拘（可參考本署健保承保專用表格「.當事人授權書」，路徑：官網首頁/健保表單下載/投保相關表單/投保資格與異動表單/健保承保專用表格），請申請人書明委託項目，並由委託人、受託人簽名加蓋章，交受託人至現場辦理即可。,2.9119049292057753,4.370715832337737,79
2026-06-01 08:03:54,d91845b1-992d-4ac9-b610-7e4c0c74090d,6a1160b3-2ff5-4310-b203-133c000a067f,接到詢問高診次關懷函，該如何回答(建議話術)?,您好！本署寄發關懷函的目的係提醒保險對象，就醫時儘量看固定醫師，或是與醫師充分溝通，使醫師完整掌握病情，提供更完整的醫療服務，以期改善病情，減少出入醫療院所及感染機會，並提供各分區業務組諮詢窗口電話協助有效率之就醫。收到關懷函後，即為今年度的觀察名單，若就醫次數持續異常，本署可能會控管健保卡使用次數。,2.7709656301885843,4.496039928868413,94
2026-06-01 08:03:59,ea600f2e-47ed-4641-b24e-5de93bd4c8e0,19ce4374-0ede-4104-8b6a-9221c9e9dcc8,承租人負擔之補充保險費計算基礎,承租人負擔之補充保險費計算基礎是依照財政部年月1日4臺財稅發字第03號令規定，承租人因為履行納稅義務或債務等而支付之代價，與支付現金租金之性質完全相同，所以承租人在辦理扣繳稅款時，應以包括扣繳稅款及其他代出租人履行其他債務在內之給付總額為所得計算基礎喔！,2.170364199206233,3.805490070953965,85
2026-06-01 08:04:04,3eca8d30-4ffc-4b58-98d7-ee53543c5555,4fd46d05-397d-42c7-a2d4-84347328c5a7,冒用健保卡就醫者，會如何處罰?,對觸犯該行為之二人(借卡人與被借卡人)，會按共同違反行政法上義務，對二人同時依所領取之保險給付，按次處罰(第次處領取保險給付之倍罰鍰，第次處領取保險給付之倍罰鍰，第三次處領取保險給付之倍罰鍰，第次以上處領取保險給付之20倍罰鍰)，最高可罰新臺幣一百萬元。,2.4230903275310993,4.219330433756113,95
2026-06-01 08:04:13,b42a23d5-dc1c-40db-b950-8fc4940bce95,15194291-fe0e-4258-9e75-42932bce2900,請問如果民眾食用外燴發生疑似食物中毒事件，健保署可否向業者求償醫療費用？,如果民眾發生食物中毒事件，經當地衛生主管機關確認與提供食物業者有關係，在提供健保醫療給付後，健保署會依據全民健康保險法及代位求償相關規定，向業者投保的責任保險公司進行求償；如保險公司未足額清償或未投保，則健保署就會向業者請求賠償。,2.517274374142289,3.8494721706956625,75
2026-06-01 08:04:20,fea41719-bb7a-49e8-813a-c2bda7273b04,5db0b5e0-9701-4684-b90e-f1335473d3f5,公司(單位)收到行政執行分署通知扣繳員工薪資的執行命令，應如何處理？,請先確認移送機關是否為『衛生福利部中央健康保險署××業務組』。若是，請依據執行命令公文所示扣繳下列計算方式，擇一金額較低者為扣薪金額：()每月薪資三分之一。(2)每月薪資酌留法定生活費後之剩餘薪資。(註：法定生活費係依強制執行法第2條規定，以最近一年衛生福利部或直轄市政府所公當地區每人每月最低生活費.倍計算其數額)，再按月將扣繳金額開立貴單位支票，或至郵局購買同額匯票至全部清償為止；請將支票或匯票連同該扣薪執行命令影印本，一併寄回健保署××業務組，直到繳清執行命令上全部金額為止；支票(匯票)抬頭請寫：『衛生福利部中央健康保險署』。 如需收據，亦請註明。,2.3406594339758158,6.133898520842195,204
2026-06-01 08:04:25,15d52fb8-58c4-48a5-be30-811c82a52778,5652fb93-e466-4195-91c9-8f14097b7efe,二代健保之出國停復保規定規劃,您好！自年月23日起已取消申辦停保作業。簡而言之，現在已經不能辦理出國停保了。過去的規定是，出國超過個月可以辦理停保，但現在不再允許。如果您符合加保資格，無論是否出國，都應持續依適法身分加保及繳納保險費。如果您在國外發生緊急醫療需求，可以在當地就醫，並在指定期限內申請核退醫療費用，但會有上限金額限制。詳細資訊請參考中央健康保險署全球資訊網首頁>健保服務>健保醫療費用>就醫費用與退費>自墊醫療費用核退>在國外或大陸地區自墊醫療費用核退上限。希望這些資訊對您有所幫助！,2.4922426529228687,5.4138800129294395,154
2026-06-01 08:04:36,5bcc8516-93d6-4f4f-b7cb-7d4d2bceed4e,b5247eb0-95f3-481b-9eae-3fe8f9012496,被保險人自投保單位辦理轉出，何時可轉為依附眷屬身分於同一單位加保作業,您可以同一天於「多憑證網路承保作業」申報異動；請於「申報勞健保/退保作業」辦理被保險人勞健保轉出，再於「單獨申報健保異動/一至三類加保作業」辦理眷屬身分加保。或者，您可以填寫投保申報表及退保申報表加蓋單位及負責人印章後，一併郵寄至健保署各分區業務組辦理。,2.9473306871950626,4.721016271039844,97
2026-06-01 08:04:38,2c59c0fd-f449-45b9-a26b-a63b57a004b1,d2f50fe6-db1d-4b53-a2e8-0ddf1ab74cf7,公司欠費不足3萬元，可以辦分期嗎？,公司欠費未達3萬元以上不能辦理分期，分期攤繳相關規定如下：一、投保單位：(一)申辦條件：單位積欠保險費及滯納金總計達萬元以上。(二)申辦方式：.至健保署各分區業務組(聯合服務中心或聯絡辦公室)臨櫃申辦：(1)負責人身分證明文件(正本)、印章及公司章。()第一期現金(或即期支票)及自備爾後各期預開支票（無支票而以現金申請分期繳納者，應於分期繳納申請書簽章切結）。【金額請洽詢承辦】()非由負責人親自辦理，須另檢具受託人之身分證、印章。()已移送的保費欠費要先經執行署同意才能辦理分期。.線上簡易分期申辦：若目前為未移送保費，且目前無其他分期中案件以及符合違約次數不超過一次的條件，可使用多憑證網路承保作業>簡易分期申請及分期查詢與列印>簡易分期申請。二、扣費義務人扣繳之補充保險費欠費，需經移送行政執行並獲行政執行機關同意後方可辦理分期。,2.5854846443980932,9.523369448259473,289
2026-06-01 08:04:44,e510084d-22e3-425d-9dae-73d43b5797e4,c56cdd49-2770-404b-84a2-205c0e4ed4b2,「補充保險費網路明細申報及列印繳款書系統」置放於健保署網頁何處?,請連結本署全球資訊網首頁/網路櫃檯/補充保險費作業申辦/補充保險費作業區/補充保險費網路明細申報及列印繳款書系統。,2.6896221712231636,3.2153829354792833,30
2026-06-01 08:04:54,9cdf78b5-02f6-4c85-8b08-22eeed2038e7,899e02ea-e30b-4d8e-b8bd-1e02c7588a1e,公司已結束，以前的欠費要辦分期，大小章不見，也沒有支票，如何辦理？,您好，由於您的投保單位已停業且大小章遺失，也沒有支票，您可以填具聲明書並攜帶以下文件辦理分期：1.負責人身分證明文件正本及印章。.第一期現金（或即期支票）及自備爾後各期預開支票（若無法提供支票，可使用現金申請分期繳納，但需於分期繳納申請書上簽章切結）。金額部分請洽詢承辦人員確認。.若非由負責人親自辦理，需另檢具受託人的身分證明文件正本及印章，以及委託書。.若欠費已移送執行署，需先經執行署同意才能辦理分期。提醒您，臺北業務組聯合服務中心不受理投保單位辦理分期（包含負責人移送案件），請至臺北業務組興南大樓（臺北市中山區中山北路一段7號）逕洽該單位尾碼經辦人辦理。,2.8477453645318747,6.9568174462765455,212
2026-06-01 08:04:58,4a9ef65d-1bac-4e2b-b4b5-f59fd346266c,e7f8298d-fc39-4c9e-a2ee-e75f093bb44c,請問公司健保費是使用自動轉帳，因變更負責人後銀行帳號也變更，從官網上下載的繳款單是否可到銀行繳費呢？條碼是刷收件人下面的條碼嗎？,您好，透過本署網站下載的繳款單是可以到銀行櫃檯繳費的，銀行代收款項後所刷條碼為繳款單左下方「存根聯」的三段式條碼喔！另外，公司使用自動轉帳扣繳健保費，但因負責人變更而帳號變更部分，建議您可攜帶新帳戶之存摺、印鑑章及公司證明文件等資料，到銀行臨櫃填寫【委託轉帳代繳全民健康保險費約定書】，重新辦理自動轉帳扣繳健保費喔！,3.6157935969531536,5.724789308384061,114
2026-06-01 08:05:04,4fdcbc62-6d27-4126-88aa-61831595fe71,1ea1de01-5321-40d3-9d01-dcf5aacf597e,眷屬追溯加保,凡符合投保健保資格者，應依法以適法身分投保，如有未投保、中斷投保或未以適法身分投保時，均應追溯以適法身分投保及補繳保險費。眷屬之保險費與被保險人相同，並由被保險人繳納。若為眷屬身分已依附投保者，可自現在轉換依附被保險人（例如：原依附父親投保改依母親投保），但不能追溯，因投保身分並未違反規定。,2.219270145520568,4.252387188374996,114
2026-06-01 08:05:16,836190a6-9a1f-41b6-89b7-dc75d02fb1f6,0c50f8dd-558f-428d-a6fc-6ab79ce976c0,公司已結束，以前的欠費要辦分期，大小章不見，也沒有支票，如何辦理？,您好，由於您的投保單位已停業且大小章遺失，也沒有支票，您可以填具聲明書並攜帶以下文件辦理分期：1.負責人身分證明文件正本及印章。.第一期現金（或即期支票）及自備爾後各期預開支票（無支票而以現金申請分期繳納者，應於分期繳納申請書簽章切結）。金額部分請洽詢承辦人員。.若非由負責人親自辦理，需另檢具受託人之身分證明文件正本及印章，以及委託書。.若欠費已移送執行署，需先經執行署同意才能辦理分期。提醒您，臺北業務組聯合服務中心不受理投保單位辦理分期案件（包含負責人移送案件），請至臺北業務組興南大樓（臺北市中山區中山北路一段7號）逕洽該單位尾碼經辦人辦理。,2.6679795179516077,8.012227162718773,208
2026-06-01 08:05:18,f83cedfb-ae94-4334-95fd-213d2dab2198,4fd798d8-4a69-4102-a72b-643b23048b44,"有關113年1月1日起基本工資調整為27,470元，健保投保金額有調整嗎？","您好！因應基本工資自年1月1日起調整為,0元，健保投保金額下限配合修正為9,元。由於您的問題提到的是年月日的調整，因此目前健保投保金額調整為,500元尚未生效。您可以參考此網址查詢更多資訊：https://www.nhi.gov.tw/Content_List.aspx?n=5FA00BB7&topn=FECFEAEB46&upn=BD91948631E3736A 。",2.9366403464227915,5.479979442432523,111
2026-06-01 08:05:31,9f523337-10b9-4cd1-8e2a-e0769bffed1a,22e7f05f-d08b-469b-9fdd-10780d047676,可以索取健保卡卡套嗎？或健保卡卡套可以郵寄嗎?或醫療院所可以請本署提供健保卡卡套嗎?,健保卡卡套是由製卡廠商於製發新卡時併同提供(一張健保卡附一個卡套)。本署各服務據點如有民眾申辦健保卡後未領取之健保卡卡套，將放置於現場供有需求之民眾索取使用。目前沒有提供郵寄服務，也沒有醫療院所可以請本署提供健保卡卡套喔。,4.960919326171279,6.2405605018138885,70
2026-06-01 08:05:39,a9ea1348-989d-4109-a6a1-c553b6e5e33f,73b09c63-3c4e-462c-9ea0-d00a066a1dab,如何查共同投保人資料,您可以透過以下方式查詢依附眷屬投保紀錄：**1.網路：*****(1)個人健保資料網路服務作業:**點選本署全球資訊網/網路櫃檯/承保網路櫃檯/一般民眾/個人健保資料網路服務作業([https://eservice.nhi.gov.tw/personal1/system/mLogin.aspx](https://eservice.nhi.gov.tw/personal1/system/mLogin.aspx))，以自然人憑證或已註冊健保卡登入，點選投保資料查詢及地址變更/依附眷屬投退保資料查詢，即可查詢依附眷屬投保紀錄。***(2)全民健保行動快易通|健康存摺APP:**下載全民健保行動快易通|健康存摺APP，點選健保櫃檯/行動電話認證，透過本人G/G門號，並輸入手機號碼、健保卡卡號後碼及身分證號（外籍人士請輸入居留證號），並設定註冊密碼，即可完成註冊及行動裝置綁定。完成後以註冊帳號密碼登入健保櫃檯，點選個人各項查詢及設定/依附眷屬投保紀錄查詢，即可查詢依附眷屬投保紀錄。***()智能客服:**透過本署全球資訊網或全民健保行動快易通|健康存摺APP連結智能客服，輸入投保紀錄查詢，依據阿KEN的指示輸入依附眷屬之身分證號、手機號碼（或健保卡卡號）及健保卡註冊密碼，即可查詢依附眷屬投保紀錄。**.臨櫃：**眷屬本人攜帶身分證明文件，至本署各分區業務組聯合服務中心或聯絡辦公室申請，詳細地址詳本署全球資訊網/服務據點([https://www.nhi.gov.tw/Content_List.aspx?n=BFBEF1&topn=4864ADE3ED](https://www.nhi.gov.tw/Content_List.aspx?n=BFBEF1&topn=4864A82710DE35ED))。,4.161816755309701,13.847475659102201,493
2026-06-01 08:05:44,62541e69-8a91-4c9f-8a73-b023016577c4,21d0b1cb-b035-4011-b9a4-03592746a07b,自墊醫療費用核退申請期限,自墊醫療費用核退申請期限如下：.從門、急診治療當日或出院之日開始算6個月以內。但出海作業之船員，為返國入境之日起個月內。.若是因暫行停止給付期間就醫，且已繳清該期間之保險費者，申請期限是保費繳清之日起6個月內(可提出最近5年內欠費期間的醫療費用申請)。3.不論情況發生在國內或國外都是這個期限，超過期限就不能申請退費，所以請您要把握時間。,2.810150546953082,4.972034830600023,114
2026-06-01 08:05:53,66992abe-2514-4da1-93e5-0c10d77595f4,7837dabc-2ae7-4355-b958-7c618496b251,收取補充保險費影響企業負擔說明,基於保費負擔公平性的考量，過去健保費主要是以薪水來計收，薪水以外的所得，則多未納入計繳保費，這樣對以薪水作為主要收入的上班族，顯然有失公平，因此二代健保針對薪資以外，各界普遍認為應納入計費的其他六類所得，包括高額獎金、兼職所得、執行業務收入、股利所得、利息所得、租金收入，立法加收補充保險費。因此，雇主每月發放薪資總額，如果超過其員工當月健保投保金額時，雇主必須針對所超過的部分，依照補充保險費率計算繳納補充保險費。這使得企業負擔增加，但目的是為了使各行業別雇主間的負擔更趨公平性。,2.19025400839746,6.375101996585727,169
2026-06-01 08:05:54,e85fe106-8a3a-49b7-b818-e17066f0852b,7663542a-7ff4-4f23-93da-3406814cfd9c,個人紓困申貸問題,全民健康保險紓困基金提供被保險人分期還款方式，您可以事先約定還款期數，並於申貸受理日起一年後，按月於繳納期限前，持健保署開立之繳款單至指定的金融機構臨櫃或網路ATM繳納或至便利超商繳納。,2.163040481507778,3.1790980007499456,57
2026-06-01 08:06:05,9e062f04-b09c-45c5-af44-4d8e7b6bb08b,cbe95bcb-0c74-46b3-9526-1e7413efc593,全民健康保險為何要採行強制投保方式辦理？,全民健康保險是為了避免逆選擇現象發生而採行強制投保方式辦理的。因為如果允許自願投保，可能會導致風險較高且經濟能力較弱的人更容易參加保險，而健康的人則不願意參加，這樣就容易形成弱體保險，影響保險制度的健全發展。透過強制投保，可以實現健康的人幫助病弱的人，高所得的人幫助低所得的人，讓風險能夠更分散，社會互助也能更好地發揮作用。,2.5746603403240442,5.127621443942189,94
2026-06-01 08:06:06,22971257-9e0a-4dac-8df1-75e596f9fd1c,6f4294a1-18f8-45cb-b58d-d8f1a029e8b3,牙周病統合性治療方案適用對象說明,牙周病統合性治療方案適用對象說明是符合全口牙周炎患者，總齒數至少十六齒（專業認定需拔除者不列入總齒數計算），六顆牙齒以上牙周囊袋深度≧5mm的患者即可納入治療方案。,2.0872731786221266,2.9028143044561148,46
2026-06-01 08:06:18,215e3a0b-d416-4aef-a233-cc2acf9bbfc0,48197d05-da91-49ce-9f82-09c16cb0a5ec,投保公所檢附退保證明規定,投保公所檢附退保證明規定如下：如果健保署已有退保資料，不用帶退保證明，公所可查詢到中斷期間和最後退保日期處理投保。如果健保署資料尚在保中，請檢附退保證明，以免造成中斷。,3.713804751634598,4.662744836881757,50
2026-06-01 08:06:21,f119069e-99a5-4ead-b59e-4db799f2f8fd,adcdfb0f-b8af-4cc6-99a8-0d767e420bd6,大陸地區住院5日（含）以上之自墊醫療費用，醫療證明文書須先行辦理公證驗證,您好！對於在中國大陸地區就醫申請核退醫療費用案件，住院日（含）以上及健保署各分區業務組實務作業認定有查證必要之自墊醫療費用核退案件，醫療費用收據正本及診斷書須經公證驗證程序。公證驗證流程簡述如下：保險對象因發生不可預期之緊急傷病或緊急分娩在大陸地區就醫，取得診醫療費用收據證明及診斷證明等文書後，赴大陸各市公證處辦理公證，公證處將公證後之文書正本給保險對象，副本送中國公證員協會[海基會對口單位]寄給海基會，保險對象再持公證後之文書正本至國內海基會申請與副本做比對，完成文書之驗證，驗證後再向投保單位所在地所屬本署分區業務組提出自墊醫療費用核退之申請。有關大陸地區之文書公證、驗證相關規定請向財團法人海峽交流基金會（臺北市中山區北安路536號，電話：05，網址：http：//www.sef.org.tw）洽詢。,3.255268167704344,9.752831939607859,268
2026-06-01 08:06:32,b3c0f4cf-6abc-4596-b162-54f153db6f13,656e276b-d979-4806-a4c9-f3d120ee013b,債(票)券附買回交易(RP)之利息所得扣取補充保險費說明,債(票)券附買回交易(RP)之利息所得因為非屬所得稅法第條規定之利息所得項目，所以無須扣取補充保險費喔！,3.626222386956215,4.109972327947617,25
2026-06-01 08:06:32,b5530b36-e5be-4e7f-b43c-9b1ae26ce4ca,eef05b69-5ec6-4935-92fb-b85ec485437b,我去補牙可以申請補助嗎,健保依法是提供醫療服務保險給付，而非補助民眾費用，若您具健保身分進行補牙（即牙體復形），依全民健康保險醫療服務給付項目及支付標準第三部第三章第一節牙體復形，訂有銀粉、複合樹脂、玻璃離子體充填等支付項目，若牙醫師使用前述材料補牙，健保已予給付，民眾僅需自付部分負擔。,2.5289477594196796,4.9633815716952085,88
